"species_id","species_principal","species_secondary","design","row_orientation","interrow_distance_principal","interrow_distance_secondary","n_rows_principal","n_rows_secondary","intrarow_distance","sowing_date_latest_crop","interrow_stics_1","interrow_stics_2","sowing_density_1","sowing_density_2"
"sorghum-maize_trop","sorghum","maize_trop","intercrop mixed","N-S","high","high","one","one","middle","same",0.8,0.8,3.125,3.125
"sorghum-maize_trop","sorghum","maize_trop","intercrop mixed","N-S","middle","middle","one","one","middle","same",0.4,0.4,6.25,6.25
"sorghum-maize_trop","sorghum","maize_trop","intercrop mixed","N-S","low","low","one","one","middle","same",0.2,0.2,12.5,12.5
"sorghum-maize_trop","sorghum","maize_trop","intercrop alternate","N-S","high","high","one","one","middle","same",1.6,1.6,1.5625,1.5625
"sorghum-maize_trop","sorghum","maize_trop","intercrop alternate","N-S","middle","middle","one","one","middle","same",0.8,0.8,3.125,3.125
"sorghum-maize_trop","sorghum","maize_trop","intercrop alternate","N-S","low","low","one","one","middle","same",0.4,0.4,6.25,6.25
"sorghum-maize_trop","sorghum","maize_trop","intercrop alternate","E-W","high","high","one","one","middle","same",1.6,1.6,1.5625,1.5625
"sorghum-maize_trop","sorghum","maize_trop","intercrop alternate","E-W","middle","middle","one","one","middle","same",0.8,0.8,3.125,3.125
"sorghum-maize_trop","sorghum","maize_trop","intercrop alternate","E-W","low","low","one","one","middle","same",0.4,0.4,6.25,6.25
"sorghum-maize_trop","sorghum","maize_trop","intercrop strips","N-S","middle","middle","high","high","middle","same",4.8,4.8,3.125,3.125
"sorghum-maize_trop","sorghum","maize_trop","intercrop strips","N-S","middle","middle","high","high","middle","later",4.8,4.8,3.125,3.125
"sorghum-maize_trop","sorghum","maize_trop","intercrop strips","N-S","middle","middle","high","middle","middle","same",4,4,3.75,2.5
"sorghum-maize_trop","sorghum","maize_trop","intercrop strips","N-S","middle","middle","high","middle","middle","later",4,4,3.75,2.5
"sorghum-maize_trop","sorghum","maize_trop","intercrop strips","N-S","middle","middle","high","low","middle","same",3.2,3.2,4.6875,1.5625
"sorghum-maize_trop","sorghum","maize_trop","intercrop strips","N-S","middle","middle","high","low","middle","later",3.2,3.2,4.6875,1.5625
"sorghum-maize_trop","sorghum","maize_trop","intercrop strips","N-S","middle","middle","middle","high","middle","same",4,4,2.5,3.75
"sorghum-maize_trop","sorghum","maize_trop","intercrop strips","N-S","middle","middle","middle","high","middle","later",4,4,2.5,3.75
"sorghum-maize_trop","sorghum","maize_trop","intercrop strips","N-S","middle","middle","middle","middle","middle","same",3.2,3.2,3.125,3.125
"sorghum-maize_trop","sorghum","maize_trop","intercrop strips","N-S","middle","middle","middle","middle","middle","later",3.2,3.2,3.125,3.125
"sorghum-maize_trop","sorghum","maize_trop","intercrop strips","N-S","middle","middle","middle","low","middle","same",2.4,2.4,4.16666666666667,2.08333333333333
"sorghum-maize_trop","sorghum","maize_trop","intercrop strips","N-S","middle","middle","middle","low","middle","later",2.4,2.4,4.16666666666667,2.08333333333333
"sorghum-maize_trop","sorghum","maize_trop","intercrop strips","N-S","middle","middle","low","high","middle","same",3.2,3.2,1.5625,4.6875
"sorghum-maize_trop","sorghum","maize_trop","intercrop strips","N-S","middle","middle","low","high","middle","later",3.2,3.2,1.5625,4.6875
"sorghum-maize_trop","sorghum","maize_trop","intercrop strips","N-S","middle","middle","low","middle","middle","same",2.4,2.4,2.08333333333333,4.16666666666667
"sorghum-maize_trop","sorghum","maize_trop","intercrop strips","N-S","middle","middle","low","middle","middle","later",2.4,2.4,2.08333333333333,4.16666666666667
"sorghum-maize_trop","sorghum","maize_trop","intercrop strips","N-S","middle","middle","low","low","middle","same",1.6,1.6,3.125,3.125
"sorghum-maize_trop","sorghum","maize_trop","intercrop strips","N-S","middle","middle","low","low","middle","later",1.6,1.6,3.125,3.125
"sorghum-maize_trop","sorghum","maize_trop","intercrop strips","E-W","middle","middle","high","high","middle","same",4.8,4.8,3.125,3.125
"sorghum-maize_trop","sorghum","maize_trop","intercrop strips","E-W","middle","middle","high","high","middle","later",4.8,4.8,3.125,3.125
"sorghum-maize_trop","sorghum","maize_trop","intercrop strips","E-W","middle","middle","high","middle","middle","same",4,4,3.75,2.5
"sorghum-maize_trop","sorghum","maize_trop","intercrop strips","E-W","middle","middle","high","middle","middle","later",4,4,3.75,2.5
"sorghum-maize_trop","sorghum","maize_trop","intercrop strips","E-W","middle","middle","high","low","middle","same",3.2,3.2,4.6875,1.5625
"sorghum-maize_trop","sorghum","maize_trop","intercrop strips","E-W","middle","middle","high","low","middle","later",3.2,3.2,4.6875,1.5625
"sorghum-maize_trop","sorghum","maize_trop","intercrop strips","E-W","middle","middle","middle","high","middle","same",4,4,2.5,3.75
"sorghum-maize_trop","sorghum","maize_trop","intercrop strips","E-W","middle","middle","middle","high","middle","later",4,4,2.5,3.75
"sorghum-maize_trop","sorghum","maize_trop","intercrop strips","E-W","middle","middle","middle","middle","middle","same",3.2,3.2,3.125,3.125
"sorghum-maize_trop","sorghum","maize_trop","intercrop strips","E-W","middle","middle","middle","middle","middle","later",3.2,3.2,3.125,3.125
"sorghum-maize_trop","sorghum","maize_trop","intercrop strips","E-W","middle","middle","middle","low","middle","same",2.4,2.4,4.16666666666667,2.08333333333333
"sorghum-maize_trop","sorghum","maize_trop","intercrop strips","E-W","middle","middle","middle","low","middle","later",2.4,2.4,4.16666666666667,2.08333333333333
"sorghum-maize_trop","sorghum","maize_trop","intercrop strips","E-W","middle","middle","low","high","middle","same",3.2,3.2,1.5625,4.6875
"sorghum-maize_trop","sorghum","maize_trop","intercrop strips","E-W","middle","middle","low","high","middle","later",3.2,3.2,1.5625,4.6875
"sorghum-maize_trop","sorghum","maize_trop","intercrop strips","E-W","middle","middle","low","middle","middle","same",2.4,2.4,2.08333333333333,4.16666666666667
"sorghum-maize_trop","sorghum","maize_trop","intercrop strips","E-W","middle","middle","low","middle","middle","later",2.4,2.4,2.08333333333333,4.16666666666667
"sorghum-maize_trop","sorghum","maize_trop","intercrop strips","E-W","middle","middle","low","low","middle","same",1.6,1.6,3.125,3.125
"sorghum-maize_trop","sorghum","maize_trop","intercrop strips","E-W","middle","middle","low","low","middle","later",1.6,1.6,3.125,3.125
"wheat-maize_temp","wheat","maize_temp","intercrop strips","N-S","middle","middle","high","high","middle","same",6.25,6.25,30.2702702702703,4.32432432432432
"wheat-maize_temp","wheat","maize_temp","intercrop strips","N-S","middle","middle","high","middle","middle","same",4.75,4.75,39.8293029871977,3.79326695116169
"wheat-maize_temp","wheat","maize_temp","intercrop strips","N-S","middle","middle","high","low","middle","same",3.25,3.25,58.2120582120582,2.77200277200277
"wheat-maize_temp","wheat","maize_temp","intercrop strips","N-S","middle","middle","middle","high","middle","same",5.75,5.75,23.5017626321974,4.70035252643948
"wheat-maize_temp","wheat","maize_temp","intercrop strips","N-S","middle","middle","middle","middle","middle","same",4.25,4.25,31.7965023847377,4.23953365129836
"wheat-maize_temp","wheat","maize_temp","intercrop strips","N-S","middle","middle","middle","low","middle","same",2.75,2.75,49.1400491400491,3.27600327600328
"wheat-maize_temp","wheat","maize_temp","intercrop strips","N-S","middle","middle","low","high","middle","same",5.25,5.25,15.4440154440154,5.14800514800515
"wheat-maize_temp","wheat","maize_temp","intercrop strips","N-S","middle","middle","low","middle","middle","same",3.75,3.75,21.6216216216216,4.8048048048048
"wheat-maize_temp","wheat","maize_temp","intercrop strips","N-S","middle","middle","low","low","middle","same",2.25,2.25,36.036036036036,4.004004004004
"wheat-maize_temp","wheat","maize_temp","intercrop strips","E-W","middle","middle","high","high","middle","same",6.25,6.25,30.2702702702703,4.32432432432432
"wheat-maize_temp","wheat","maize_temp","intercrop strips","E-W","middle","middle","high","middle","middle","same",4.75,4.75,39.8293029871977,3.79326695116169
"wheat-maize_temp","wheat","maize_temp","intercrop strips","E-W","middle","middle","high","low","middle","same",3.25,3.25,58.2120582120582,2.77200277200277
"wheat-maize_temp","wheat","maize_temp","intercrop strips","E-W","middle","middle","middle","high","middle","same",5.75,5.75,23.5017626321974,4.70035252643948
"wheat-maize_temp","wheat","maize_temp","intercrop strips","E-W","middle","middle","middle","middle","middle","same",4.25,4.25,31.7965023847377,4.23953365129836
"wheat-maize_temp","wheat","maize_temp","intercrop strips","E-W","middle","middle","middle","low","middle","same",2.75,2.75,49.1400491400491,3.27600327600328
"wheat-maize_temp","wheat","maize_temp","intercrop strips","E-W","middle","middle","low","high","middle","same",5.25,5.25,15.4440154440154,5.14800514800515
"wheat-maize_temp","wheat","maize_temp","intercrop strips","E-W","middle","middle","low","middle","middle","same",3.75,3.75,21.6216216216216,4.8048048048048
"wheat-maize_temp","wheat","maize_temp","intercrop strips","E-W","middle","middle","low","low","middle","same",2.25,2.25,36.036036036036,4.004004004004
